Project Name,Project Address,Zip Code,Rating,Building Use,Program,Rating Version,Voluntary Participation,Fiscal Year Reported,Residential Units (qty),Project (sq.ft.),Stories Above Grade
University Park,"3300 North IH-35 Frontage Road
Austin, Texas 78705
",78705,2-Star,Office,Commercial,Commercial Rating 2008,No,01/01/2011 12:00:00 AM,,225812,8
Prosperity Bank,"7015 US-290
Austin, Texas 78749
",78749,1-Star,Office,Commercial,Commercial Rating 2009,Yes,01/01/2013 12:00:00 AM,,4048,1
"Domain D1 Retail, D2, and C13 Garages","11600 Alterra Parkway (D Block); 11701 Domain Boulevard (C13)
Austin, Texas 78758
",78758,2-Star,Retail,Commercial,Commercial Rating 2010,No,01/01/2017 12:00:00 AM,,18260,3
Domain 8 Office Building and Garage,"11601 Alterra Parkway
Austin, Texas 78758
",78758,LEED-Silver,Office,Commercial,LEED BD+C: Core and Shell v3 - LEED 2009,No,01/01/2018 12:00:00 AM,,300257,11
Arbor Terrace,"2501 South Interstate 35 Frontage Road
Austin, Texas 78741
",78741,4-Star,Residential/ Office/ Other,Multifamily,MF-Rating 2010,No,01/01/2012 12:00:00 AM,123,57800,3
E. 12th Street Multifamily Housing,"3101, 3107, 3111 East 12th Street
Austin, Texas 78702
",78702,4-Star,Residential,Multifamily,MF-Rating 2010,No,01/01/2014 12:00:00 AM,24,12000,2
Crest at Pearl,"706 West Martin Luther King Junior Boulevard
Austin, Texas 78705
",78705,1-Star,Residential/ Office,Multifamily,MF-Rating 2010,No,01/01/2015 12:00:00 AM,141,292150,6
Greenwater Apartments (The Northshore),"110 San Antonio Street
Austin, Texas 78701
(30.264911, -97.749052)",78701,3-Star; LEED-Silver,Residential/ Office/ Retail/ Restaurant,Commercial,Commercial Rating 2010,No,01/01/2018 12:00:00 AM,,616385,38
The Paddock at Norwood,"1044 Norwood Park Boulevard
Austin, Texas 78753
(30.337094, -97.692445)",78753,1-Star,Residential/ Office,Multifamily,MF-Rating 2010,No,01/01/2015 12:00:00 AM,228,297755,3
Domain 7 Office Building,"11501 Alterra Parkway
Austin, Texas 78758
(30.399682, -97.7205)",78758,LEED-Silver,Office,Commercial,LEED BD+C: Core and Shell v3 - LEED 2009,No,01/01/2015 12:00:00 AM,,230320,6
Oak Springs Villas,"3001 Oak Springs Drive
Austin, Texas 78702
(30.273009, -97.701313)",78702,2-Star,Residential,Multifamily,Pre 2007 Rating,No,01/01/2004 12:00:00 AM,56,38155,2
Midtown Commons - Phase II,"7200 Easy Wind Drive
Austin, Texas 78752
(30.340385, -97.719174)",78752,3-Star,Residential/ Office/ Other,Multifamily,MF-Rating 2010,Yes,01/01/2014 12:00:00 AM,246,247583,4
Wachovia Bank at Mueller,"1201 Barbara Jordan Boulevard
Austin, Texas 78723
(30.306339, -97.708537)",78723,3-Star,Office,Commercial,Commercial Rating 2006,No,01/01/2007 12:00:00 AM,,4000,1
W Austin Hotel and Residences,"210 Lavaca Street
Austin, Texas 78701
(30.265672, -97.746346)",78701,4-Star; LEED-Silver,Residential/ Retail/ Hotel/ Other,Commercial,Commercial Rating 2006,No,01/01/2013 12:00:00 AM,165,695800,35
Promesa,"9415 McNeil Drive
Austin, Texas 78750
(30.395239, -97.82619)",78750,1-Star,Residential,Multifamily,MF-Rating 2010,Yes,01/01/2013 12:00:00 AM,289,392222,3
Domain 5 Office Building,"11305 Alterra Parkway
Austin, Texas 78758
(30.398269, -97.720877)",78758,LEED-Silver,Office,Commercial,LEED BD+C: Core and Shell v3 - LEED 2009,No,01/01/2016 12:00:00 AM,,76480,3
King Fisher Creek Apartments,"4601 East Saint Elmo Road
Austin, Texas 78744
(30.205222, -97.737039)",78744,1-Star,Residential,Multifamily,Pre 2007 Rating,No,01/01/2004 12:00:00 AM,35,43750,3
Meadowbrook Education & Training Center,"1201 West Live Oak Street
Austin, Texas 78704
(30.247303, -97.766123)",78704,4-Star; LEED-Silver,Office/ School,Commercial,Commercial Rating 2010,Yes,01/01/2015 12:00:00 AM,,10150,1
First Lockhart National Bank,"319 West Slaughter Lane
Austin, Texas 78748
(30.168889, -97.795471)",78748,1-Star,Office,Commercial,Commercial Rating 2010,Yes,01/01/2017 12:00:00 AM,,7020,2
501 Congress & Parking Garage,"501 Congress Avenue
Austin, Texas 78701
(30.267321, -97.743074)",78701,1-Star,Office/ Retail/ Restaurant,Commercial,Commercial Rating 2010,No,01/01/2016 12:00:00 AM,,123435,5
Children's Place at Mueller,"1201 Barbara Jordan Boulevard
Austin, Texas 78723
(30.306339, -97.708537)",78723,3-Star,Retail,Commercial,Commercial Rating 2006,No,01/01/2010 12:00:00 AM,,4100,1
The Legacy Apartments,"1342 Lamar Square Drive
Austin, Texas 78704
(30.253829, -97.763798)",78704,4-Star,Residential,Multifamily,MF-Rating 2010,No,01/01/2013 12:00:00 AM,41,22847,3
Eyemasters at Mueller,"1201 Barbara Jordan Boulevard
Austin, Texas 78723
(30.306339, -97.708537)",78723,3-Star,Retail,Commercial,Commercial Rating 2006,No,01/01/2010 12:00:00 AM,,3490,1
SOCO Apartments,"6300 South Congress Avenue
Austin, Texas 78745-4526
(30.198166, -97.776742)",78745-4526,2-Star,Residential,Multifamily,Pre 2007 Rating,No,01/01/2004 12:00:00 AM,122,108952,2
"Dr. Hernandez, DDS at Mueller","1201 Barbara Jordan Boulevard
Austin, Texas 78723
(30.306339, -97.708537)",78723,3-Star,Health Care,Commercial,Commercial Rating 2006,No,01/01/2010 12:00:00 AM,,2200,1
Springs at Tech Ridge,"1200 East Parmer Lane
Austin, Texas 78754
(30.394579, -97.653467)",78754,2-Star,Residential,Multifamily,MF-Rating 2010,No,01/01/2014 12:00:00 AM,342,428870,3
Domain W2/W3 Block,"3211 Palm Way
Austin, Texas 78758
(30.403019, -97.722948)",78758,2-Star,Residential/ Retail,Multifamily,MF-Rating 2013,No,01/01/2017 12:00:00 AM,94,107784,5
Austin Resource Center for the Homeless,"500 East 7th Street
Austin, Texas 78701
(30.267644, -97.737698)",78701,5-Star,Residential/ Office,Multifamily,Pre 2007 Rating,No,01/01/2004 12:00:00 AM,100,26820,3
AISD Jaime D. Padròn Elementary School,"2011 Rundberg Lane
Austin, Texas 78758
(30.373748, -97.719256)",78758,4-Star; LEED-Gold,School,Commercial,Commercial Rating 2009,Yes,01/01/2015 12:00:00 AM,,160070,1
EMS Station #33 at Mueller,"4518 James Wheat Street
Austin, Texas 78723
(30.299855, -97.708624)",78723,LEED-Silver,Other,Commercial,LEED BD+C: New Construction v2 - LEED 2.2,No,01/01/2013 12:00:00 AM,,6045,2
Seton Healthcare Family Administration Offices (CSFHAO) at Mueller,"1345 Philomena Street
Austin, Texas 78723
(30.302206, -97.707859)",78723,4-Star; LEED-Silver,Office,Commercial,Commercial Rating 2006,No,01/01/2009 12:00:00 AM,,156700,4
Apple Vista Ridge Campus,"916 South Capital of Texas Highway
Austin, Texas 78746
(30.285855, -97.825887)",78746,1-Star,Office,Commercial,Commercial Rating 2009,Yes,01/01/2012 12:00:00 AM,,53804,2
5707 Manor,"5707 Manor Road
Austin, Texas 78723
(30.30527, -97.680821)",78723,4-Star,Residential,Multifamily,MF-Rating 2009,No,01/01/2013 12:00:00 AM,24,13452,2
AISD Bernice Kiker Elementary School Addition,"5913 La Crosse Avenue
Austin, Texas 78739
(30.192193, -97.881492)",78739,2-Star,School,Commercial,AISD Rating 2006,No,01/01/2008 12:00:00 AM,,12783,1
AMLI Mueller,"1900 Simond Avenue
Austin, Texas 78723
(30.296779, -97.70403)",78723,1-Star,Residential/ Retail,Multifamily,MF-Rating 2010,No,01/01/2015 12:00:00 AM,279,325134,4
Riverside Meadows,"1601 Montopolis Drive
Austin, Texas 78741
(30.227968, -97.701508)",78741,1-Star,Residential,Multifamily,Pre 2007 Rating,No,01/01/2003 12:00:00 AM,240,353686,3
The Kenzie,"3201 Esperanza Crossing
Austin, Texas 78758
(30.399614, -97.723417)",78758,2-Star,Residential,Multifamily,MF-Rating 2010,No,01/01/2015 12:00:00 AM,279,391773,6
Park Terrace at Town Lake,"516 Dawson Road
Austin, Texas 78704
(30.259561, -97.756147)",78704,1-Star,Residential,Multifamily,Pre 2007 Rating,No,01/01/2004 12:00:00 AM,64,45002,2
The Brown Building,"710 Colorado Street
Austin, Texas 78701
(30.270002, -97.743548)",78701,Prior to Rating System,Residential,Multifamily,Prior to Rating System,Yes,01/01/2000 12:00:00 AM,90,0,10
The Willows,"1332 Lamar Square Drive
Austin, Texas 78704
(30.2543, -97.764699)",78704,3-Star,Residential,Multifamily,MF-Rating Mixed Use 2008,No,01/01/2011 12:00:00 AM,64,27606,4
Quarters at Sterling House,"709 West 22nd Street
Austin, Texas 78705
(30.285284, -97.745935)",78705,3-Star,Residential,Multifamily,Pre 2007 Rating,No,01/01/2007 12:00:00 AM,100,208765,6
South Shore Apartments - Phase 1C,"1414 Shore District Drive
Austin, Texas 78741
(30.243524, -97.728353)",78741,2-Star,Residential/ Retail/ Other,Multifamily,MF-Rating 2010,No,01/01/2015 12:00:00 AM,94,119288,4
SkyHouse Austin,"51 Rainey Street
Austin, Texas 78701
(30.256921, -97.739473)",78701,1-Star,Residential/ Retail,Commercial,Commercial Rating 2010,No,01/01/2014 12:00:00 AM,320,339730,23
The Pedernales Lofts,"2400 East 6th Street
Austin, Texas 78702
(30.259327, -97.715834)",78702,5-Star,Residential/ Office,Multifamily,Pre 2007 Rating,No,01/01/2005 12:00:00 AM,105,84694,3
2401 Longview,"2401 Longview Street
Austin, Texas 78705
(30.288362, -97.750436)",78705,1-Star,Residential/ Office/ Retail,Multifamily,MF-Rating 2010,No,01/01/2013 12:00:00 AM,70,79266,5
Sierra Vista,"4320 South Congress Avenue
Austin, Texas 78745
(30.218684, -97.766599)",78745,1-Star,Residential/ Office,Multifamily,MF-Rating 2010,No,01/01/2013 12:00:00 AM,238,172060,2
Jamba Juice at Mueller,"1201 Barbara Jordan Boulevard
Austin, Texas 78723
(30.306339, -97.708537)",78723,3-Star,Retail,Commercial,Commercial Rating 2006,No,01/01/2009 12:00:00 AM,,1389,1
AISD Norman Elementary School Addition,"4001 Tannehill Lane
Austin, Texas 78721
(30.278942, -97.674222)",78721,3-Star,School,Commercial,AISD Rating 2006,No,01/01/2007 12:00:00 AM,,15192,1
Retail Building 10 at Mueller,"1200 Barbara Jordan Drive
Austin, Texas 78723
(30.307097, -97.709805)",78723,LEED-Silver,Retail,Commercial,LEED BD+C: Core and Shell v2 - LEED 2.0,No,01/01/2017 12:00:00 AM,,10990,1
360 Residential Condominiums,"360 Nueces Street
Austin, Texas 78701
(30.267075, -97.749458)",78701,1-Star,Residential/ Retail,Commercial,Commercial Rating 2006,No,01/01/2008 12:00:00 AM,430,556201,44
Archer Hotel Austin at the Domain,"3121 Palm Way and Pravada
Austin, Texas 78758
(30.402524, -97.721192)",78758,2-Star,Retail/ Restaurant/ Hotel,Commercial,Commercial Rating 2010,No,01/01/2017 12:00:00 AM,,191250,8
AISD Clayton Elementary School,"7525 La Crosse Avenue
Austin, Texas 78739
(30.195828, -97.906767)",78739,2-Star,School,Commercial,AISD Rating 2006,No,01/01/2007 12:00:00 AM,,92932,1
Woodway Village,"4600 Nuckols Crossing Road
Austin, Texas 78744
(30.199471, -97.734948)",78744,2-Star,Residential,Multifamily,Pre 2007 Rating,No,01/01/2004 12:00:00 AM,160,182474,3
AISD LBJ Early College High School Theater Addition,"4107 Spicewood Springs Road
Austin, Texas 78724
(30.370069, -97.755117)",78724,4-Star,School,Commercial,AISD Rating 2006,No,01/01/2007 12:00:00 AM,,10093,1
Lakeshore Apartments,"2223 Waterloo City Lane
Austin, Texas 78741
(30.23087, -97.7334)",78741,3-Star,Residential/ Office,Multifamily,MF-Rating 2010,No,01/01/2014 12:00:00 AM,239,212964,3
Wells Fargo Branch Bank,"601 West 15th Street
Austin, Texas 78701
(30.278506, -97.745357)",78701,1-Star,Office,Commercial,Commercial Rating 2010,No,01/01/2017 12:00:00 AM,,4072,1
AISD Gorzycki Middle School  ,"7412 West Slaughter Lane
Austin, Texas 78749
(30.217297, -97.89347)",78749,3-Star,School,Commercial,AISD Rating 2007,No,01/01/2010 12:00:00 AM,,172535,3
Circle West Campus,"2505 Longview Street
Austin, Texas 78705
(30.290093, -97.750678)",78705,1-Star,Residential/ Office/ Other,Multifamily,MF-Rating 2010,No,01/01/2013 12:00:00 AM,167,257735,6
Green Water Block 23,"500 West 2nd Street
Austin, Texas 78701
(30.265572, -97.748778)",78701,3-Star,Office/ Restaurant,Commercial,COMMERCIAL RATING 2013,No,01/01/2018 12:00:00 AM,,491638,29
BartonPlace,"1600 Barton Springs Road
Austin, Texas 78704
(30.262629, -97.762232)",78704,3-Star,Residential,Commercial,Commercial Rating 2007,Yes,01/01/2011 12:00:00 AM,270,382844,6
Lupe Tortilla Mexican Restaurant,"10515 North Mopac Expressway
Austin, Texas 78759
(30.392147, -97.733029)",78759,1-Star,Restaurant,Commercial,Commercial Rating 2010,No,01/01/2017 12:00:00 AM,,6614,1
M Station,"2906 East Martin Luther King Junior Boulevard
Austin, Texas 78702
(30.281914, -97.708032)",78702,5-Star; LEED-Platinum,Residential/ Other,Multifamily,MF-Rating 2009,No,01/01/2012 12:00:00 AM,148,172134,4
Regents West 24th,"2401 San Gabriel Street
Austin, Texas 78705
(30.288452, -97.747786)",78705,1-Star,Residential/ Retail,Multifamily,MF-Rating 2010,No,01/01/2015 12:00:00 AM,93,138873,6
Bodega on Rio,"2101 Rio Grande Street
Austin, Texas 78705
(30.284234, -97.745023)",78705,1-Star,Retail,Commercial,Commercial Rating 2006,No,01/01/2009 12:00:00 AM,,2574,1
East Village Lofts,"1200 East 11th Street
Austin, Texas 78702
(30.268602, -97.72767)",78702,3-Star,Residential/ Office,Multifamily,Pre 2007 Rating,No,01/01/2010 12:00:00 AM,15,13879,4
AZUL Lakeshore Apartments Phase 2,"1201 Lady Bird Lane
Austin, Texas 78741
(30.243288, -97.722766)",78741,3-Star,Residential/ Office/ Retail,Multifamily,MF-Rating 2010,No,01/01/2016 12:00:00 AM,278,280959,5
Texan Pearl,"2515 Pearl Street
Austin, Texas 78723
(30.290658, -97.74657)",78723,1-Star,Residential,Commercial,Commercial Rating 2006,No,01/01/2009 12:00:00 AM,81,113510,6
Heights on Congress,"2703 South Congress Avenue
Austin, Texas 78704
(30.235365, -97.756493)",78704,3-Star,Residential,Multifamily,Pre 2007 Rating,Yes,01/01/2001 12:00:00 AM,172,150000,2
St. Edward’s University John Brooks Williams Natural Sciences Facility - Phase II,"3301 South Congress Avenue
Austin, Texas 78704
(30.230322, -97.759802)",78704,3-Star,Office/ School,Commercial,Commercial Rating 2010,Yes,01/01/2014 12:00:00 AM,,56535,3
Lane Bryant at Mueller,"1201 Barbara Jordan Boulevard
Austin, Texas 78723
(30.306339, -97.708537)",78723,3-Star,Retail,Commercial,Commercial Rating 2006,No,01/01/2008 12:00:00 AM,,5259,1
Yo So Cool at Mueller,"1201 Barbara Jordan Boulevard
Austin, Texas 78723
(30.306339, -97.708537)",78723,3-Star,Restaurant,Commercial,Commercial Rating 2006,No,01/01/2010 12:00:00 AM,,1457,1
Which Wich at Mueller,"1201 Barbara Jordan Boulevard
Austin, Texas 78723
(30.306339, -97.708537)",78723,3-Star,Retail,Commercial,Commercial Rating 2006,No,01/01/2008 12:00:00 AM,,1753,1
The Callaway House Austin,"505 West 22nd Street
Austin, Texas 78705
(30.285138, -97.743605)",78705,3-Star; LEED-Certified,Residential,Commercial,Commercial Rating 2010,No,01/01/2014 12:00:00 AM,219,314980,17
Villages at the Domain,"3409 Esperanza Crossing
Austin, Texas 78758
(30.401159, -97.727314)",78758,3-Star,Residential,Multifamily,Pre 2007 Rating,No,01/01/2009 12:00:00 AM,26,36550,3
Residences at Domain,"11701 North MoPac Expressway
Austin, Texas 78759
(30.405994, -97.722556)",78759,3-Star,Residential,Multifamily,Pre 2007 Rating,No,01/01/2007 12:00:00 AM,369,411799,5
AISD T. A. Brown Elementary School,"505 West Anderson Lane
Austin, Texas 78752
(30.345584, -97.708961)",78752,2-Star,School,Commercial,Commercial Rating 2009,Yes,01/01/2012 12:00:00 AM,,7000,1
Starbucks at Mueller,"1201 Barbara Jordan Boulevard
Austin, Texas 78723
(30.306339, -97.708537)",78723,3-Star; LEED-Silver,Retail,Commercial,Commercial Rating 2006,No,01/01/2009 12:00:00 AM,,1654,1
Rosemont at Williamson Creek,"4509 East Saint Elmo Road
Austin, Texas 78744
(30.205808, -97.738262)",78744,3-Star,Residential,Multifamily,Pre 2007 Rating,No,01/01/2005 12:00:00 AM,163,167425,3
Saltillo Lofts,"1601 East 5th Street
Austin, Texas 78702
(30.262007, -97.726456)",78702,3-Star,Residential/ Office,Multifamily,Pre 2007 Rating,No,01/01/2006 12:00:00 AM,29,40097,3
Domain 2 Office Building,"11800 Domain Boulevard
Austin, Texas 78758
(30.404569, -97.721224)",78758,LEED-Silver,Office/ Retail/ Restaurant,Commercial,LEED BD+C: Core and Shell v2 - LEED 2.0,No,01/01/2015 12:00:00 AM,,145790,5
LIVESTRONG Foundation,"2201 East 6th Street
Austin, Texas 78702
(30.260191, -97.718314)",78702,4-Star,Office,Commercial,Commercial Rating 2008,Yes,01/01/2009 12:00:00 AM,,28242,1
St. James Apartments,"5514 Roosevelt Avenue
Austin, Texas 78756
(30.32674, -97.732684)",78756,1-Star,Residential,Multifamily,MF-Rating 2010,No,01/01/2014 12:00:00 AM,9,8686,3
Central Texas Food Bank,"6500 Metropolis Drive
Austin, Texas 78744
(30.202875, -97.709301)",78744,3-Star,Office/ Warehouse/ Other,Commercial,Commercial Rating 2013,Yes,01/01/2017 12:00:00 AM,,133714,1
AMLI Covered Bridge,"8715 West Highway 71
Austin, Texas 78736
(30.250487, -97.895446)",78736,2-Star,Residential,Multifamily,MF-Rating 2010,No,01/01/2016 12:00:00 AM,230,214823,3
Gables Central Park,"800 West 38th Street
Austin, Texas 78705
(30.304481, -97.741498)",78705,Prior to Rating System,Residential,Multifamily,Prior to Rating System,Yes,01/01/1997 12:00:00 AM,273,0,3
The Shore,"603 Davis Street
Austin, Texas 78701
(30.260386, -97.739296)",78701,1-Star,Residential/ Retail,Commercial,Commercial Rating 2006,No,01/01/2008 12:00:00 AM,192,246920,23
Towne Vista,"2201 Montopolis Drive
Austin, Texas 78741
(30.222669, -97.704908)",78741,2-Star,Residential,Multifamily,Pre 2007 Rating,No,01/01/2004 12:00:00 AM,280,302476,2
South Shore Apartments - Phase 1A,"1333 Shore District Drive
Austin, Texas 78741
(30.243694, -97.727212)",78741,2-Star,Residential/ Office/ Retail/ Restaurant,Multifamily,MF-Rating 2010,No,01/01/2014 12:00:00 AM,250,337447,6
The South Fifth,"2301 South 5th Street
Austin, Texas 78704
(30.244779, -97.764232)",78704,5-Star,Residential,Multifamily,Pre 2007 Rating,Yes,01/01/2010 12:00:00 AM,18,35828,3
Urban Oaks,"6725 Circle S Road
Austin, Texas 78745
(30.190366, -97.7782)",78745,1-Star,Residential,Multifamily,MF-Rating 2013,No,01/01/2018 12:00:00 AM,194,224990,3
Turner Roberts Recreation Center,"7201 Colony Loop Drive
Austin, Texas 78724
(30.302601, -97.637029)",78724,3-Star; LEED-Silver,Other,Commercial,Commercial Rating 2006,Yes,01/01/2011 12:00:00 AM,,14800,1
Legacy on the Lake,"43 Rainey Street
Austin, Texas 78701
(30.256254, -97.73973)",78701,1-Star; LEED-Certified,Residential,Commercial,Commercial Rating 2006,No,01/01/2009 12:00:00 AM,187,291195,31
Domain Y3 and Y4 Retail Buildings and Garage,"3120 Palm Way
Austin, Texas 78758
(30.402572, -97.721404)",78758,3-Star,Retail,Commercial,Commercial Rating 2010,No,01/01/2017 12:00:00 AM,,30955,1
Truluck's Seafood Steak & Crab House,"400 Colorado Street
Austin, Texas 78701
(30.26677, -97.744741)",78701,1-Star,Restaurant,Commercial,Commercial Rating 2010,No,01/01/2017 12:00:00 AM,,16030,2
Bluebonnet Studios,"2301 South Lamar Boulevard
Austin, Texas 78704
(30.247186, -97.776111)",78704,5-Star,Residential/ Office/ Other,Multifamily,MF-Rating 2013,No,01/01/2017 12:00:00 AM,107,55000,4
Aloft Austin at the Domain,"11601 Domain Drive
Austin, Texas 78759
(30.402958, -97.72396)",78759,2-Star,Hotel,Commercial,Commercial Rating 2007,No,01/01/2010 12:00:00 AM,,85602,6
Wildflower Terrace,"3801 Berkman Drive
Austin, Texas 78723
(30.290834, -97.698868)",78723,2-Star; LEED-Silver,Residential,Multifamily,MF-Rating 2009,No,01/01/2012 12:00:00 AM,201,236111,4
Park at Summers Grove,"2900 Century Park Boulevard
Austin, Texas 78727
(30.434703, -97.695443)",78727,2-Star,Residential,Multifamily,Pre 2007 Rating,No,01/01/2005 12:00:00 AM,240,267235,2
Creative Action,"2921 East 17th Street, Building B
Austin, Texas 78702
(30.279348, -97.710341)",78702,3-Star,Office/ Other,Commercial,Commercial Rating 2010,Yes,01/01/2017 12:00:00 AM,,7440,2
21 Pearl - West Campus Apartments,"911 West 21st Street
Austin, Texas 78705
(30.284826, -97.747596)",78705,1-Star,Residential,Commercial,Commercial Rating 2006,No,01/01/2013 12:00:00 AM,135,106000,6
Texas Public Policy Foundation,"901 Congress Avenue
Austin, Texas 78701
(30.27101, -97.741714)",78701,1-Star,Office,Commercial,Commercial Rating 2010,No,01/01/2017 12:00:00 AM,,42015,6
St. David's Foundation,"1303 San Antonio Street
Austin, Texas 78701
(30.276626, -97.744644)",78701,1-Star,Office/ Retail,Commercial,Commercial Rating 2010,No,01/01/2016 12:00:00 AM,,47215,8
Tino's Greek Café at Mueller,"1201 Barbara Jordan Boulevard
Austin, Texas 78751
(30.306339, -97.708537)",78751,2-Star,Restaurant,Commercial,Commercial Rating 2006,No,01/01/2012 12:00:00 AM,,2367,1
Aspen Heights Apartments (Rise on 8th),"805 Nueces Street
Austin, Texas 78701
(30.271724, -97.747661)",78701,2-Star,Residential,Commercial,Commercial Rating 2013,No,01/01/2017 12:00:00 AM,196,212250,22
AISD Akins High School Addition #2,"10701 South 1st Street
Austin, Texas 78748
(30.150747, -97.802129)",78748,4-Star,School,Commercial,Commercial Rating 2009,Yes,01/01/2011 12:00:00 AM,,15553,1
ABIA Terminal East Infill Expansion,"3600 Presidential Boulevard
Austin, Texas 78719
(30.202653, -97.667267)",78719,LEED-Silver,Other,Commercial,LEED BD+C: New Construction v3 - LEED 2009,Yes,01/01/2018 12:00:00 AM,,72703,3
University Federal Credit Union - Ben White Branch,"130 East Ben White Boulevard
Austin, Texas 78723
(30.222887, -97.762793)",78723,5-Star,Other,Commercial,Commercial Rating 2006,Yes,01/01/2009 12:00:00 AM,,5907,1
Strictly Pediatrics Surgery Center at Mueller,"1301 Barbara Jordan Boulevard
Austin, Texas 78723
(30.3056, -97.706987)",78723,3-Star,Health Care,Commercial,Commercial Rating 2006,No,01/01/2007 12:00:00 AM,,129700,4
Crossings at Lakeline - 2,"11001 Lakeline Boulevard
Austin, Texas 78603
(30.480508, -97.794029)",78603,1-Star,Office,Commercial,Commercial Rating 2006,Yes,01/01/2010 12:00:00 AM,,116812,3
Arbor Town Square Building B,"10721 Research Boulevard
Austin, Texas 78759
(30.39891, -97.74562)",78759,1-Star,Office/ Retail/ Restaurant,Commercial,Commercial Rating 2010,No,01/01/2017 12:00:00 AM,,24761,2
Post West Austin ,"4330 Bull Creek Road
Austin, Texas 78731
(30.319457, -97.754134)",78731,1-Star,Residential,Commercial,Commercial Rating 2007,Yes,01/01/2010 12:00:00 AM,329,365971,4
Longhorn Village,"501 North Quinlan Park Road
Austin, Texas 78732
(30.350467, -97.912317)",78732,3-Star,Residential/ Office,Multifamily,Pre 2007 Rating,Yes,01/01/2010 12:00:00 AM,269,645000,4
Domain Parkside Four,"3100 Esperanza Crossing
Austin, Texas 78758
(30.399366, -97.722433)",78758,3-Star,Residential/ Office/ Retail,Multifamily,MF-Rating 2010,No,01/01/2013 12:00:00 AM,223,247532,4
The Monarch,"805 West 5th Street
Austin, Texas 78703
(30.269382, -97.751328)",78703,3-Star,Residential,Multifamily,Pre 2007 Rating,No,01/01/2009 12:00:00 AM,305,494931,3
AISD Perez Elementary School,"7500 South Pleasant Valley Road
Austin, Texas 78744
(30.169702, -97.754049)",78744,2-Star,School,Commercial,AISD Rating 2006,No,01/01/2007 12:00:00 AM,,171000,1
Quarters at Grayson House,"714 West 22nd Street
Austin, Texas 78705
(30.285313, -97.746327)",78705,3-Star,Residential,Multifamily,Pre 2007 Rating,No,01/01/2008 12:00:00 AM,102,116240,8
Quarters at Cameron House,"2707 Rio Grande Street
Austin, Texas 78705
(30.29242, -97.744241)",78705,3-Star,Residential/ Office,Multifamily,Pre 2007 Rating,No,01/01/2007 12:00:00 AM,64,76615,4
Encino Trace - Phase 2,"5707 Southwest Parkway
Austin, Texas 78735
(30.24534, -97.844554)",78735,3-Star,Office,Commercial,Commercial Rating 2010,No,01/01/2015 12:00:00 AM,,163350,4
Manor House,"5907 Manor Road
Austin, Texas 78723
(30.306919, -97.679789)",78723,2-Star,Residential,Multifamily,Pre 2007 Rating,No,01/01/2003 12:00:00 AM,12,6865,1
The Villages of Ben White,"7000 East Ben White Boulevard
Austin, Texas 78704
(30.215117, -97.702278)",78704,1-Star,Residential/ Office,Multifamily,MF-Rating 2010,No,01/01/2016 12:00:00 AM,184,215526,4
Mountain Ranch Apartments,"2425 East Riverside Drive
Austin, Texas 78741
(30.23566, -97.724846)",78741,1-Star,Residential,Multifamily,Pre 2007 Rating,No,01/01/2000 12:00:00 AM,196,180777,4
Woodway Square,"1700 Teri Road
Austin, Texas 78744
(30.20446, -97.756119)",78744,2-Star,Residential,Multifamily,Pre 2007 Rating,No,01/01/2004 12:00:00 AM,240,238338,3
Four Points,"11305 Four Points Drive
Austin, Texas 78730
(30.405199, -97.849288)",78730,1-Star,Office,Commercial,Commercial Rating 2006,Yes,01/01/2009 12:00:00 AM,,200000,3
Addison at Kramer Station,"2600 &amp; 2601 Esperanza Crossing
Austin, Texas 78759
(30.397041, -97.717227)",78759,1-Star,Residential,Multifamily,MF-Rating 2010,No,01/01/2016 12:00:00 AM,388,467063,3
Blunn Creek Apartments,"701 Woodward Street
Austin, Texas 78704
(30.225731, -97.751977)",78704,2-Star,Residential,Multifamily,Pre 2007 Rating,No,01/01/2003 12:00:00 AM,280,285139,3
Elloras,"908 West 21st Street
Austin, Texas 78705
(30.284817, -97.747462)",78705,1-Star,Residential,Multifamily,MF-Rating Mixed Use 2008,No,01/01/2013 12:00:00 AM,12,14159,4
Residence Inn at Mueller,"1200 Barbara Jordan Boulevard
Austin, Texas 78723
(30.307097, -97.709805)",78723,LEED-Silver,Hotel,Commercial,LEED BD+C: New Construction v2 - LEED 2.2,No,01/01/2014 12:00:00 AM,,82150,4
2400 Nueces,"2400 Nueces Street
Austin, Texas 78705
(30.288383, -97.743035)",78705,4-Star; LEED-Gold,Residential/ Retail,Commercial,Commercial Rating 2009,No,01/01/2014 12:00:00 AM,304,383770,16
Satellite Dialysis at Mueller,"1801 East 51st Street
Austin, Texas 78723
(30.302589, -97.697714)",78723,4-Star,Office/ Health Care,Commercial,Commercial Rating 2010,No,01/01/2014 12:00:00 AM,,15100,1
Domain 1 Office Building and Garage,"11801 Domain Boulevard
Austin, Texas 78758
(30.404716, -97.721272)",78758,LEED-Gold,Office/ Retail,Commercial,LEED BD+C: Core and Shell v3 - LEED 2009,No,01/01/2017 12:00:00 AM,,168200,5
Home2 Suites by Hilton,"2800 Esperanza Crossing
Austin, Texas 78758
(30.398148, -97.718424)",78758,1-Star,Hotel,Commercial,Commercial Rating 2010,No,01/01/2015 12:00:00 AM,,81585,5
CityView at the Park,"2000 Woodward Street
Austin, Texas 78741
(30.218726, -97.743774)",78741,4-Star,Residential,Multifamily,Pre 2007 Rating,No,01/01/2008 12:00:00 AM,72,98000,5
Primrose of Shadow Creek,"1026 Clayton Lane
Austin, Texas 78723
(30.318873, -97.702968)",78723,2-Star,Residential,Multifamily,Pre 2007 Rating,No,01/01/2002 12:00:00 AM,176,144656,4
University of Texas Elementary School,"2200 East 6th Street
Austin, Texas 78702
(30.260185, -97.718295)",78702,2-Star,School,Commercial,Commercial Rating 2010,Yes,01/01/2014 12:00:00 AM,,13600,2
Grove Place Apartments,"1881 Grove Boulevard
Austin, Texas 78741
(30.228957, -97.706669)",78741,2-Star,Residential,Multifamily,Pre 2007 Rating,No,01/01/2005 12:00:00 AM,184,159078,3
Franklin Gardens,"3522 East Martin Luther King Junior Boulevard
Austin, Texas 78721
(30.283608, -97.697109)",78721,4-Star,Residential,Multifamily,MF-Rating 2009,No,01/01/2010 12:00:00 AM,22,15582,2
Circle S Apartments,"7201 South Congress Avenue
Austin, Texas 78745
(30.187146, -97.780809)",78745,2-Star,Residential,Multifamily,Pre 2007 Rating,No,01/01/2003 12:00:00 AM,200,204505,3
Spring Valley Apartments,"2302 East William Cannon Drive
Austin, Texas 78744
(30.186991, -97.76019)",78744,2-Star,Residential,Multifamily,Pre 2007 Rating,No,01/01/2002 12:00:00 AM,230,311435,2
Estates at Southpark Meadows,"10001 South 1st Street
Austin, Texas 78748
(30.161088, -97.800356)",78748,2-Star,Residential,Multifamily,Pre 2007 Rating,No,01/01/2009 12:00:00 AM,426,374480,3
The Denizen Condominiums,"2800 South 5th Street
Austin, Texas 78704
(30.238938, -97.766549)",78704,3-Star,Residential,Multifamily,MF-Rating 2010,Yes,01/01/2015 12:00:00 AM,105,185710,3
South Park Apartments,"9401 South 1st Street
Austin, Texas 78748
(30.168571, -97.801342)",78748,1-Star,Residential,Multifamily,Pre 2007 Rating,No,01/01/2008 12:00:00 AM,192,251647,3
Capital Studios,"309 East 11th Street
Austin, Texas 78701
(30.271847, -97.737872)",78701,4-Star,Residential/ Retail,Multifamily,MF-Rating 2010,No,01/01/2015 12:00:00 AM,135,91976,4
Walnut Creek Apartments,"6409 Springdale Road
Austin, Texas 78723
(30.307201, -97.669664)",78723,3-Star,Residential,Multifamily,Pre 2007 Rating,No,01/01/2001 12:00:00 AM,98,83300,2
rue21 at Mueller,"1201 Barbara Jordan Boulevard
Austin, Texas 78723
(30.306339, -97.708537)",78723,3-Star,Retail,Commercial,Commercial Rating 2006,No,01/01/2008 12:00:00 AM,,5646,1
The Home Depot at Mueller,"1200 Barbara Jordan Boulevard
Austin, Texas 78723
(30.307097, -97.709805)",78723,4-Star,Retail,Commercial,Commercial Rating 2006,No,01/01/2008 12:00:00 AM,,108625,1
Temple Beth Shalom,"7300 Hart Lane
Austin, Texas 78731
(30.357375, -97.75468)",78731,2-Star,Office/ Worship,Commercial,Commercial Rating 2010,No,01/01/2014 12:00:00 AM,,22085,2
St. David's North Austin Medical Center,"12221 North Mopac Expressway
Austin, Texas 78758
(30.412144, -97.708113)",78758,2-Star,Health Care,Commercial,Commercial Rating 2010,No,01/01/2015 12:00:00 AM,,90650,2
Gallery at Domain,"11119 Alterra Parkway
Austin, Texas 78758
(30.396415, -97.721579)",78758,2-Star,Residential/ Office,Multifamily,MF-Rating 2013,No,01/01/2016 12:00:00 AM,316,307950,4
Fox Hill Apartments,"8800 West Highway 290
Austin, Texas 78736
(30.233681, -97.916446)",78736,2-Star,Residential,Multifamily,MF-Rating Mixed Use 2008,No,01/01/2010 12:00:00 AM,288,291050,3
AISD Uphaus Early Childhood Center,"5200 Freidrich Lane
Austin, Texas 78744
(30.201443, -97.755342)",78744,2-Star,School,Commercial,Commercial Rating 2009,Yes,01/01/2013 12:00:00 AM,,72205,1
AISD Graham Elementary School,"11211 Tom Adams Drive
Austin, Texas 78753
(30.373027, -97.66945)",78753,2-Star,School,Commercial,AISD Rating 2006,No,01/01/2009 12:00:00 AM,,12000,1
HelioVolt,"6301-8 East Stassney Lane
Austin, Texas 78744
(30.202511, -97.719505)",78744,3-Star; LEED-Silver,Manufacturing,Commercial,Commercial Rating 2007,Yes,01/01/2009 12:00:00 AM,,122400,1
District at SoCo,"501 East Oltorf Street
Austin, Texas 78704
(30.237179, -97.750729)",78704,1-Star,Residential,Multifamily,MF-Rating 2010,No,01/01/2012 12:00:00 AM,215,244844,4
AMLI on 2nd,"421 West 3rd Street
Austin, Texas 78701
(30.266297, -97.747522)",78701,4-Star,Residential/ Office,Multifamily,Pre 2007 Rating,No,01/01/2008 12:00:00 AM,231,317000,17
The Boulevard,"1201 Grove Boulevard
Austin, Texas 78741
(30.234518, -97.704578)",78741,3-Star,Residential,Multifamily,Pre 2007 Rating,No,01/01/2006 12:00:00 AM,120,122884,2
AISD Langford Elementary School Addition,"2206 Blue Meadow Drive
Austin, Texas 78744
(30.18135, -97.763706)",78744,4-Star,School,Commercial,Commercial Rating 2009,Yes,01/01/2011 12:00:00 AM,,12000,1
Cielo,"2717 South Lamar Boulevard
Austin, Texas 78704
(30.244357, -97.781279)",78704,2-Star,Residential/ Office/ Retail,Multifamily,MF-Rating 2010,No,01/01/2015 12:00:00 AM,327,345886,4
Pointe on Rio,"1901 Rio Grande Street
Austin, Texas 78705
(30.282851, -97.745155)",78705,1-Star,Residential,Multifamily,MF-Rating 2010,No,01/01/2015 12:00:00 AM,122,177032,6
Texan West Campus,"2616 Salado Street
Austin, Texas 78705
(30.292421, -97.745246)",78705,2-Star,Residential,Multifamily,Pre 2007 Rating,No,01/01/2005 12:00:00 AM,62,121067,4
Colorado Tower,"311 Colorado Street
Austin, Texas 78701
(30.266202, -97.744955)",78701,3-Star,Office/ Retail/ Restaurant,Commercial,Commercial Rating 2010,No,01/01/2015 12:00:00 AM,,430000,30
AISD Barrington Elementary School Addition,"400 Cooper Drive
Austin, Texas 78753
(30.360199, -97.696223)",78753,4-Star,School,Commercial,Commercial Rating 2009,Yes,01/01/2011 12:00:00 AM,,12206,1
Seven,"615 West 7th Street
Austin, Texas 78701
(30.270825, -97.748925)",78701,2-Star,Residential,Commercial,Commercial Rating 2010,Yes,01/01/2017 12:00:00 AM,221,233700,24
Lucero Apartment Homes,"2301 Durwood Street
Austin, Texas 78704
(30.241792, -97.757756)",78704,1-Star,Residential/ Other,Multifamily,MF-Rating 2010,No,01/01/2016 12:00:00 AM,173,244838,4
Pressler Apartments,"507 Pressler Street
Austin, Texas 78703
(30.273357, -97.760498)",78703,1-Star,Residential,Commercial,Commercial Rating 2008,Yes,01/01/2010 12:00:00 AM,169,221060,5
800 Congress,"800 Congress Avenue
Austin, Texas 78701
(30.270068, -97.742069)",78701,1-Star,Office/ Other,Commercial,Commercial Rating 2013,No,01/01/2016 12:00:00 AM,,7605,1
BJ's Restaurant & Brewhouse,"10515 North Mopac Expressway
Austin, Texas 78759
(30.392147, -97.733029)",78759,1-Star,Restaurant,Commercial,Commercial Rating 2010,No,01/01/2017 12:00:00 AM,,7453,1
Family Christian Stores at Mueller,"1201 Barbara Jordan Boulevard
Austin, Texas 78723
(30.306339, -97.708537)",78723,3-Star,Retail,Commercial,Commercial Rating 2006,No,01/01/2009 12:00:00 AM,,4415,1
Akoya,"2200 Dickson Drive
Austin, Texas 78704
(30.245981, -97.780691)",78704,4-Star,Residential,Multifamily,Pre 2007 Rating,Yes,01/01/2008 12:00:00 AM,64,46492,2
ABC Bank - American Bank of Commerce,"610 West 5th Street
Austin, Texas 78701
(30.268922, -97.749511)",78701,1-Star,Office/ Other,Commercial,Commercial Rating 2006,No,01/01/2007 12:00:00 AM,,30055,6
Palisades West Office Complex,"6300 Bee Caves Road
Austin, Texas 78746
(30.296418, -97.830654)",78746,3-Star,Office,Commercial,Commercial Rating 2006,Yes,01/01/2011 12:00:00 AM,,360000,7
Four Seasons Residences,"98 San Jacinto Boulevard
Austin, Texas 78701
(30.262711, -97.742141)",78701,1-Star,Residential,Commercial,Commercial Rating 2007,No,01/01/2012 12:00:00 AM,166,522627,32
Whole Foods Market at Arbor Trails,"4301 West William Cannon Drive, Building B, Suite 800
Austin, Texas 78749
(30.222239, -97.838958)",78749,4-Star,Office/ Grocery,Commercial,Commercial Rating 2010,Yes,01/01/2013 12:00:00 AM,,39830,1
La Vista de Guadalupe,"819 East 8th Street
Austin, Texas 78702
(30.267279, -97.732681)",78702,1-Star,Residential,Commercial,Commercial Rating 2006,No,01/01/2009 12:00:00 AM,22,39368,4
Container Bar,"90 Rainey Street
Austin, Texas 78701
(30.260293, -97.738225)",78701,1-Star,Office/ Other,Commercial,Commercial Rating 2010,No,01/01/2017 12:00:00 AM,,2215,2
Lyons Gardens,"2720 Lyons Road
Austin, Texas 78702
(30.264408, -97.709255)",78702,3-Star,Residential,Multifamily,Pre 2007 Rating,No,01/01/2005 12:00:00 AM,54,35340,3
Stonecreek Ranch,"333 East Slaughter Lane
Austin, Texas 78744
(30.166182, -97.780683)",78744,2-Star,Residential,Multifamily,Pre 2007 Rating,No,01/01/2003 12:00:00 AM,198,169110,3
Famous Footwear at Mueller,"1201 Barbara Jordan Boulevard
Austin, Texas 78723
(30.306339, -97.708537)",78723,3-Star,Retail,Commercial,Commercial Rating 2006,No,01/01/2010 12:00:00 AM,,6495,1
Phi Kappa Psi Fraternity House,"2501 Nueces Street
Austin, Texas 78705
(30.289323, -97.742965)",78705,1-Star,Residential,Multifamily,MF-Rating 2013,No,01/01/2017 12:00:00 AM,17,21000,3
Capitol Tower Garage,"206 East 9th Street
Austin, Texas 78701
(30.270308, -97.739809)",78701,1-Star,Office,Commercial,Commercial Rating 2006,Yes,01/01/2013 12:00:00 AM,,170000,20
Seaholm Power Plant,"800 West Cesar Chavez Street
Austin, Texas 78701
(30.265757, -97.752776)",78701,3-Star; LEED-Gold,Office/ Retail,Commercial,Commercial Rating 2010,No,01/01/2015 12:00:00 AM,,163715,2
AISD Southeast Bus Terminal,"7200 Bluff Springs Road
Austin, Texas 78745
(30.181953, -97.769505)",78745,2-Star,Office/ Other,Commercial,Commercial Rating 2009,Yes,01/01/2013 12:00:00 AM,,20650,1
The Beverly Austin,"901 Red River Street
Austin, Texas 78701
(30.269649, -97.736014)",78701,2-Star,Residential,Multifamily,Pre 2007 Rating,No,01/01/2008 12:00:00 AM,120,147936,4
Shadow Brook Apartments,"811 West Slaughter Lane
Austin, Texas 78748
(30.173942, -97.805391)",78748,2-Star,Residential,Multifamily,Pre 2007 Rating,No,01/01/2007 12:00:00 AM,248,222068,3
Dell Children's Medical Center of Central Texas at Mueller,"4900 Mueller Boulevard
Austin, Texas 78723
(30.302549, -97.704957)",78723,5-Star; LEED-Platinum,Health Care,Commercial,Commercial Rating 2006,No,01/01/2008 12:00:00 AM,,475000,3
AISD Barbara Jordan Elementary School Addition,"6711 Johnny Morris Road
Austin, Texas 78724
(30.300868, -97.647816)",78724,2-Star,School,Commercial,AISD Rating 2006,No,01/01/2009 12:00:00 AM,,12206,1
Papa John's Pizza at Mueller,"1201 Barbara Jordan Boulevard
Austin, Texas 78723
(30.306339, -97.708537)",78723,3-Star,Retail,Commercial,Commercial Rating 2006,No,01/01/2009 12:00:00 AM,,1355,1
Topgolf Austin,"2700 Esperanza Crossing
Austin, Texas 78758
(30.397697, -97.717839)",78758,1-Star,Retail/ Restaurant,Commercial,Commercial Rating 2010,No,01/01/2015 12:00:00 AM,,56620,3
Westminster,"4100 Jackson Avenue
Austin, Texas 78731
(30.314499, -97.755166)",78731,3-Star,Residential/ Other,Commercial,Commercial Rating 2008,Yes,01/01/2014 12:00:00 AM,212,248000,5
Shoe Pavilion at Mueller,"1201 Barbara Jordan Boulevard
Austin, Texas 78723
(30.306339, -97.708537)",78723,3-Star,Retail,Commercial,Commercial Rating 2006,No,01/01/2007 12:00:00 AM,,19850,1
Doc Green's Gourmet Salads and Grill at Mueller,"1201 Barbara Jordan Boulevard
Austin, Texas 78723
(30.306339, -97.708537)",78723,3-Star,Retail,Commercial,Commercial Rating 2006,No,01/01/2008 12:00:00 AM,,2105,1
Terraces at Southpark Meadows,"10101 South 1st Street
Austin, Texas 78748
(30.155985, -97.800164)",78748,3-Star,Residential,Multifamily,Pre 2007 Rating,Yes,01/01/2009 12:00:00 AM,244,225888,3
Neighbors Emergency Center at Mueller,"1801 East 51st Street, Building H
Austin, Texas 78723
(30.302589, -97.697714)",78723,3-Star,Health Care,Commercial,Commercial Rating 2010,No,01/01/2017 12:00:00 AM,,15155,1
TETCO - Store #76,"3550 Far West Boulevard
Austin, Texas 78731
(30.353551, -97.753321)",78731,1-Star,Other,Commercial,Commercial Rating 2009,Yes,01/01/2012 12:00:00 AM,,3478,1
Mueller Market District,"1801 East 51st Street
Austin, Texas 78723
(30.302589, -97.697714)",78723,3-Star; LEED-Silver,Retail/ Restaurant,Commercial,Commercial Rating 2010,No,01/01/2015 12:00:00 AM,,31130,1
Quarry Oaks Garden Homes,"1205 Norwalk Lane
Austin, Texas 78703
(30.287723, -97.772936)",78703,2-Star,Residential,Multifamily,Pre 2007 Rating,No,01/01/2001 12:00:00 AM,8,20000,2
AISD Bowie High School Addition,"4103 West Slaughter Lane
Austin, Texas 78749
(30.18914, -97.856886)",78749,3-Star,School,Commercial,Commercial Rating 2009,Yes,01/01/2011 12:00:00 AM,,9078,1
Villas on Sixth Apartment Homes,"1900 East 6th Street
Austin, Texas 78702
(30.261593, -97.722289)",78702,2-Star,Residential/ Office,Multifamily,Pre 2007 Rating,No,01/01/2006 12:00:00 AM,160,159000,3
AISD Baldwin Elementary School,"12200 Meridian Park Boulevard
Austin, Texas 78739
(30.184867, -97.92221)",78739,3-Star,School,Commercial,AISD Rating 2007,No,01/01/2011 12:00:00 AM,,98682,2
AISD Anderson High School,"8403 Mesa Drive
Austin, Texas 78759
(30.376358, -97.754173)",78759,2-Star,School,Commercial,Commercial Rating 2009,Yes,01/01/2010 12:00:00 AM,,20250,1
Restoration Hardware at the Domain,"11720 Domain Boulevard
Austin, Texas 78758
(30.40368, -97.720944)",78758,LEED-Gold,Retail,Commercial,LEED BD+C: Retail v3 - LEED 2009,No,01/01/2016 12:00:00 AM,,48265,4
Heritage Pointe,"1950 Webberville Road
Austin, Texas 78721
(30.283942, -97.671754)",78721,2-Star,Residential,Multifamily,Pre 2007 Rating,No,01/01/2005 12:00:00 AM,240,203000,3
Broadstone at the Arboretum,"10011 Stonelake Boulevard
Austin, Texas 78759
(30.392142, -97.739402)",78759,1-Star,Residential,Multifamily,MF-Rating 2010,No,01/01/2015 12:00:00 AM,330,379005,4
21 Rio,"2101 Rio Grande Street
Austin, Texas 78705
(30.284234, -97.745023)",78705,1-Star,Residential/ Retail,Commercial,Commercial Rating 2006,No,01/01/2009 12:00:00 AM,158,229694,20
Quarters Garage and Retail,"2222 Rio Grande Street
Austin, Texas 78705
(30.286839, -97.744777)",78705,1-Star,Residential/ Office/ Retail/ Other,Commercial,Commercial Rating 2006,No,01/01/2012 12:00:00 AM,12,73049,5
Crescent Apartments,"127 East Riverside Drive
Austin, Texas 78704
(30.256004, -97.745705)",78704,1-Star,Residential,Commercial,Commercial Rating 2006,No,01/01/2009 12:00:00 AM,169,157140,5
Lakeway Regional Medical Center,"100 Medical Parkway
Austin, Texas 78734
(30.333229, -97.970738)",78734,3-Star; LEED-Silver,Health Care,Commercial,Commercial Rating 2009,Yes,01/01/2014 12:00:00 AM,,270510,8
HID Global World Headquarters,"611 Center Ridge Drive
Austin, Texas 78753
(30.414783, -97.666202)",78753,4-Star; LEED-Platinum,Office/ Manufacturing,Commercial,Commercial Rating 2010,Yes,01/01/2015 12:00:00 AM,,243600,2
The Rise School of Austin Preschool,"4800 Manor Road
Austin, Texas 78723
(30.295656, -97.688575)",78723,4-Star,School,Commercial,Commercial Rating 2010,No,01/01/2015 12:00:00 AM,,23450,2
AISD McCallum High School Addition,"5600 Sunshine Drive
Austin, Texas 78756
(30.325919, -97.729345)",78756,5-Star,School,Commercial,Commercial Rating 2009,Yes,01/01/2011 12:00:00 AM,,27406,1
Twenty Two 15,"2215 Rio Grande Street
Austin, Texas 78705
(30.286406, -97.744825)",78705,1-Star,Residential,Commercial,Commercial Rating 2010,No,01/01/2016 12:00:00 AM,125,150000,8
The Block on 25th West,"2501 Pearl Street
Austin, Texas 78705
(30.289605, -97.746625)",78705,1-Star,Residential,Commercial,Commercial Rating 2006,No,01/01/2009 12:00:00 AM,145,194437,5
Villas on 26th,"800 West 26th Street
Austin, Texas 78705
(30.290749, -97.745591)",78705,1-Star,Residential/ Office,Multifamily,MF-Rating 2010,No,01/01/2015 12:00:00 AM,47,97640,6
William Cannon Apartments,"2112 East William Cannon Drive
Austin, Texas 78744
(30.187409, -97.761583)",78744,1-Star,Residential/ Other,Multifamily,MF-Rating 2010,No,01/01/2016 12:00:00 AM,252,312189,3
South Shore Apartments - Phase 1B,"1330 Shore District Drive
Austin, Texas 78741
(30.243697, -97.727379)",78741,2-Star,Residential/ Retail/ Other,Multifamily,MF-Rating 2010,No,01/01/2015 12:00:00 AM,162,228197,5
The Whitley,"301 Brazos Street
Austin, Texas 78701
(30.2651, -97.742451)",78701,3-Star; LEED-Silver,Residential/ Office/ Retail/ Other,Commercial,Commercial Rating 2010,No,01/01/2014 12:00:00 AM,262,281700,17
LCRA Redbud Center,"3601 Lake Austin Boulevard
Austin, Texas 78703
(30.291942, -97.783255)",78703,4-Star; LEED-Gold,Office,Commercial,Commercial Rating 2006,Yes,01/01/2008 12:00:00 AM,,35400,1
The Corner on San Gabriel,"2504 San Gabriel Street
Austin, Texas 78705
(30.289998, -97.747639)",78705,1-Star,Residential,Commercial,COMMERCIAL RATING 2013,No,01/01/2018 12:00:00 AM,62,109455,8
Spring,"300 Bowie Street
Austin, Texas 78703
(30.268683, -97.753715)",78703,1-Star,Residential,Commercial,Commercial Rating 2006,No,01/01/2009 12:00:00 AM,261,356000,42
Sabina Apartments,"1001 Concordia Avenue
Austin, Texas 78705
(30.293619, -97.722435)",78705,3-Star,Residential,Multifamily,MF-Rating 2010,No,01/01/2014 12:00:00 AM,302,340325,5
Crossings at Lakeline - 1,"11001 Lakeline Boulevard
Austin, Texas 78613
(30.480508, -97.794029)",78613,1-Star,Office,Commercial,Commercial Rating 2006,Yes,01/01/2010 12:00:00 AM,,113715,3
The Metropolis,"2200 South Pleasant Valley Road
Austin, Texas 78741
(30.231209, -97.725485)",78741,Prior to Rating System,Residential,Multifamily,Prior to Rating System,Yes,01/01/1999 12:00:00 AM,308,0,2
Encino Trace - Phase 1,"5707 Southwest Parkway
Austin, Texas 78735
(30.24534, -97.844554)",78735,3-Star,Office,Commercial,Commercial Rating 2010,No,01/01/2015 12:00:00 AM,,163350,4
Jeremiah Program Moody Campus,"1200 Paul Teresa Saldana Street
Austin, Texas 78702
(30.269207, -97.702989)",78702,2-Star,Residential/ Office/ Other,Multifamily,MF-Rating 2013,No,01/01/2017 12:00:00 AM,35,36573,4
Life Time Fitness,"7101 South Mopac Expressway
Austin, Texas 78749
(30.216798, -97.839679)",78749,3-Star,Other,Commercial,Commercial Rating 2006,Yes,01/01/2008 12:00:00 AM,,110000,1
Verdance Condos ,"3200 Grandview Street
Austin, Texas 78705
(30.301148, -97.744379)",78705,1-Star,Residential,Commercial,Commercial Rating 2006,No,01/01/2011 12:00:00 AM,16,39640,8
Prominent Point II,"8310 North Capital of Texas Highway
Austin, Texas 78731
(30.384497, -97.767904)",78731,1-Star,Office,Commercial,Commercial Rating 2006,Yes,01/01/2010 12:00:00 AM,,105357,3
Southpark Meadows,"9500 IH-35 South
Austin, Texas 78748
(30.162196, -97.789107)",78748,2-Star,Office/ Retail/ Restaurant,Commercial,Commercial Rating 2006,Yes,01/01/2010 12:00:00 AM,,303777,1
AMLI at Lantana Hills Apartments,"7601 Rialto Boulevard
Austin, Texas 78735
(30.253383, -97.872684)",78735,2-Star,Residential,Multifamily,Pre 2007 Rating,Yes,01/01/2002 12:00:00 AM,403,451790,3
Tower of the Hills,"13809 Research Boulevard
Austin, Texas 78750
(30.464014, -97.794616)",78750,2-Star,Office,Commercial,Commercial Rating 2006,Yes,01/01/2009 12:00:00 AM,,211322,4
Southwest Trails,"8405 Old Bee Caves Road
Austin, Texas 78735
(30.25128, -97.887026)",78735,3-Star,Residential,Multifamily,Pre 2007 Rating,No,01/01/2002 12:00:00 AM,160,180576,3
The Thinkery - Austin Children's Museum at Mueller,"1830 Simond Avenue
Austin, Texas 78723
(30.297311, -97.705113)",78723,LEED-Silver,Other,Commercial,LEED BD+C: New Construction v2 - LEED 2.2,No,01/01/2014 12:00:00 AM,,36300,3
AISD Timy Baranoff Elementary School Addition,"12009 Buckingham Gate Road
Austin, Texas 78748
(30.153175, -97.852736)",78748,2-Star,School,Commercial,AISD Rating 2006,No,01/01/2011 12:00:00 AM,,12000,1
5th+Colorado,"201 West 5th Street
Austin, Texas 78701
(30.267562, -97.744766)",78701,1-Star,Office/ Retail/ Restaurant,Commercial,Commercial Rating 2013,No,01/01/2017 12:00:00 AM,,194539,19
Seaholm Residential Tower,"222 West Avenue
Austin, Texas 78701
(30.267297, -97.751695)",78701,4-Star,Residential/ Retail/ Other,Commercial,Commercial Rating 2010,No,01/01/2016 12:00:00 AM,309,375075,30
HCS Salon & Spa at Mueller,"1201 Barbara Jordan Boulevard
Austin, Texas 78723
(30.306339, -97.708537)",78723,2-Star,Retail,Commercial,Commercial Rating 2006,No,01/01/2012 12:00:00 AM,,1471,1
Pointe at Ben White,"6934 East Ben White Boulevard
Austin, Texas 78704
(30.21495, -97.702782)",78704,1-Star,Residential/ Office,Multifamily,MF-Rating 2010,No,01/01/2016 12:00:00 AM,252,335405,3
DOTS Fashion at Mueller,"1201 Barbara Jordan Boulevard
Austin, Texas 78723
(30.306339, -97.708537)",78723,3-Star,Retail,Commercial,Commercial Rating 2006,No,01/01/2008 12:00:00 AM,,4070,1
Harris Branch Apartments,"12317 Dessau Road
Austin, Texas 78754
(30.387584, -97.648134)",78754,1-Star,Residential,Multifamily,Pre 2007 Rating,No,01/01/2007 12:00:00 AM,248,294107,3
Randolph Brooks Federal Credit Union - Burnet Branch,"10712 Burnet Road
Austin, Texas 78758
(30.392069, -97.721498)",78758,3-Star,Office,Commercial,Commercial Rating 2010,No,01/01/2013 12:00:00 AM,,4075,1
Quarters at Montgomery House,"2700 Nueces Street
Austin, Texas 78705
(30.29203, -97.742784)",78705,3-Star,Residential/ Office,Multifamily,Pre 2007 Rating,No,01/01/2007 12:00:00 AM,88,107083,4
Domain Parkside Three Apartments,"3001 Esperanza Crossing
Austin, Texas 78758
(30.398867, -97.72138)",78758,4-Star,Residential,Multifamily,MF-Rating 2010,No,01/01/2013 12:00:00 AM,315,261416,4
Texan at 26th,"1009 West 26th Street
Austin, Texas 78705
(30.290935, -97.748149)",78705,1-Star,Residential,Multifamily,MF-Rating 2010,No,01/01/2014 12:00:00 AM,55,85943,6
Seaholm Retail and Office Building,"211 Walter Seaholm Drive
Austin, Texas 78701
(30.267011, -97.753121)",78701,4-Star; LEED-Gold,Office/ Retail/ Other,Commercial,Commercial Rating 2010,No,01/01/2016 12:00:00 AM,,67135,2
Domain C9/C11 Block,"11721 Domain Boulevard
Austin, Texas 78758
(30.403966, -97.721032)",78758,2-Star,Residential/ Retail,Multifamily,MF-Rating 2013,No,01/01/2017 12:00:00 AM,218,214222,5
"Google University Park (UP), Level 8","3300 North Interstate Highway 35 #800
Austin, Texas 78705
(30.290971, -97.722351)",78705,2-Star; LEED-Silver,Office,Commercial,Commercial Rating 2013,Yes,01/01/2015 12:00:00 AM,,24690,1
Austin Music Hall,"208 Nueces Street
Austin, Texas 78701
(30.266713, -97.749613)",78701,1-Star,Restaurant/ Other,Commercial,Commercial Rating 2006,No,01/01/2011 12:00:00 AM,,43000,2
Bed Bath and Beyond at Mueller,"1201 Barbara Jordan Boulevard
Austin, Texas 78723
(30.306339, -97.708537)",78723,3-Star,Retail,Commercial,Commercial Rating 2006,No,01/01/2007 12:00:00 AM,,25145,1
Cirrus Logic Research Facility,"605 West 4th Street
Austin, Texas 78701
(30.267959, -97.74981)",78701,1-Star,Office/ Manufacturing,Commercial,Commercial Rating 2010,No,01/01/2016 12:00:00 AM,,25635,3
Retreat at North Bluff,"6212 Crow Lane
Austin, Texas 78745
(30.197096, -97.772171)",78745,2-Star,Residential,Multifamily,MF-Rating Mixed Use 2008,No,01/01/2011 12:00:00 AM,240,272971,3
Villas of Cordoba,"5301 George Street
Austin, Texas 78744
(30.190504, -97.734311)",78744,2-Star,Residential,Multifamily,Pre 2007 Rating,No,01/01/2008 12:00:00 AM,156,171198,3
Old Navy at Mueller,"1201 Barbara Jordan Boulevard
Austin, Texas 78723
(30.306339, -97.708537)",78723,3-Star,Retail,Commercial,Commercial Rating 2006,No,01/01/2007 12:00:00 AM,,14980,1
Harris Branch Senior Apartments,"12433 Dessau Road
Austin, Texas 78754
(30.389838, -97.646931)",78754,1-Star,Residential,Multifamily,MF-Rating 2013,No,01/01/2017 12:00:00 AM,216,231535,4
Elements at Mueller,"4646 Mueller Boulevard
Austin, Texas 78723
(30.29971, -97.706721)",78723,3-Star,Residential,Commercial,Commercial Rating 2007,No,01/01/2014 12:00:00 AM,301,370200,4
University Park Apartments Phase 2,"3320 Harmon Avenue
Austin, Texas 78705
(30.290484, -97.724165)",78705,2-Star,Residential/ Office,Multifamily,MF-Rating 2010,No,01/01/2016 12:00:00 AM,274,268565,5
Austin Energy Town Lake Center 5th Floor,"721 Barton Springs Road
Austin, Texas 78704
(30.258989, -97.751888)",78704,LEED-Silver,Office,Commercial,LEED ID+C: Commercial Interiors v3 - LEED 2009,Yes,01/01/2017 12:00:00 AM,,17980,1
Ben White Mini Storage,"6130 East Ben White Boulevard
Austin, Texas 78741
(30.213016, -97.714367)",78741,4-Star,Office/ Warehouse,Commercial,Commercial Rating 2013,Yes,01/01/2016 12:00:00 AM,,76950,3
Heights on Parmer Apartment Homes,"1500 East Parmer Lane
Austin, Texas 78753
(30.390155, -97.652209)",78753,1-Star,Residential/ Other,Multifamily,MF-Rating 2010,No,01/01/2017 12:00:00 AM,252,293991,3
AISD Akins High School Addition #1,"10701 South 1st Street
Austin, Texas 78748
(30.150747, -97.802129)",78748,2-Star,School,Commercial,AISD Rating 2006,No,01/01/2009 12:00:00 AM,,17500,1
Eleven,"811 East 11th Street
Austin, Texas 78702
(30.270055, -97.731592)",78702,1-Star,Residential,Multifamily,MF-Rating 2010,Yes,01/01/2014 12:00:00 AM,257,299082,4
1300 Guadalupe,"1300 Guadalupe Street
Austin, Texas 78701
(30.276296, -97.743608)",78701,1-Star,Office,Commercial,Commercial Rating 2008,Yes,01/01/2012 12:00:00 AM,,54000,5
Austin Energy System Control Center,"2500 Montopolis Drive
Austin, Texas 78741
(30.219858, -97.707145)",78741,4-Star; LEED-Gold,Office,Commercial,Commercial Rating 2009,Yes,01/01/2014 12:00:00 AM,,192200,3
Mosaic at Mueller,"4600 Mueller Boulevard
Austin, Texas 78723
(30.298764, -97.707275)",78723,3-Star,Residential/ Retail,Commercial,Commercial Rating 2006,No,01/01/2010 12:00:00 AM,433,432720,4
Rock Rose at The Domain NORTHSIDE,"11600 Rock Rose Avenue
Austin, Texas 78758
(30.401765, -97.722493)",78758,3-Star,Retail/ Restaurant/ Other,Commercial,Commercial Rating 2010,No,01/01/2016 12:00:00 AM,,73905,1
Nordstrom,"3101 Palm Way
Austin, Texas 78758
(30.402672, -97.720722)",78758,2-Star,Office/ Retail/ Restaurant,Commercial,Commercial Rating 2010,No,01/01/2017 12:00:00 AM,,130635,2
Shops at Braker Domain,"3310 West Braker Lane
Austin, Texas 78758
(30.392736, -97.726244)",78758,1-Star,Retail,Commercial,Commercial Rating 2010,No,01/01/2017 12:00:00 AM,,13140,1
Homestead,"3226 West Slaughter Lane
Austin, Texas 78748
(30.182083, -97.846682)",78748,4-Star,Residential/ Office/ Other,Multifamily,MF-Rating 2010,No,01/01/2016 12:00:00 AM,140,149004,4
Regents West at 26,"900 West 26th St
Austin, Texas 78705
(30.290833, -97.746524)",78705,1-Star,Residential/ Office/ Other,Multifamily,MF-Rating 2010,No,01/01/2014 12:00:00 AM,139,167615,6
Austin Community College Parking Garage,"824 West 12th Street
Austin, Texas 78701
(30.276316, -97.749438)",78701,1-Star,Other,Commercial,Commercial Rating 2007,Yes,01/01/2010 12:00:00 AM,,2861,6
Lakeline Station,"13635 Rutledge Spur
Austin, Texas 78717
(30.476021, -97.781132)",78717,5-Star,Residential/ Office/ Other,Multifamily,MF-Rating 2013,No,01/01/2017 12:00:00 AM,128,135000,4
Ella Wooten Park at Mueller,"2047 McCloskey Street
Austin, Texas 78723
(30.292838, -97.703301)",78723,4-Star,Other,Commercial,Commercial Rating 2006,No,01/01/2008 12:00:00 AM,,3430,1
Research Park Plaza V and Garage,"12301 Research Boulevard
Austin, Texas 78759
(30.427852, -97.755683)",78759,1-Star,Office,Commercial,Commercial Rating 2013,Yes,01/01/2016 12:00:00 AM,,180375,4
Soundcheck at Mueller,"1901 East 51st Street
Austin, Texas 78723
(30.301657, -97.695504)",78723,3-Star,Office/ Other,Commercial,Commercial Rating 2009,No,01/01/2013 12:00:00 AM,,28985,1
Texan Tower,"2505 San Gabriel Street
Austin, Texas 78705
(30.290121, -97.747629)",78705,2-Star,Residential,Multifamily,Pre 2007 Rating,No,01/01/2007 12:00:00 AM,74,143628,5
Greenway Lofts,"1320 Robert Browning Street
Austin, Texas 78723
(30.301519, -97.708655)",78723,3-Star,Residential,Multifamily,MF-Rating Mixed Use 2008,No,01/01/2011 12:00:00 AM,36,39986,4
AISD Hart Elementary School,"8301 Furness Drive
Austin, Texas 78753
(30.343083, -97.689611)",78753,3-Star,School,Commercial,Commercial Rating 2009,Yes,01/01/2012 12:00:00 AM,,11020,1
Bodhi Yoga,"12801 Shops Parkway
Austin, Texas 78738
(30.305356, -97.941418)",78738,2-Star,Retail,Commercial,Commercial Rating 2008,Yes,01/01/2013 12:00:00 AM,,4800,1
Mueller Central at Mueller,"4550 Mueller Boulevard
Austin, Texas 78723
(30.296834, -97.708058)",78723,4-Star; LEED-Gold,Office,Commercial,Commercial Rating 2006,No,01/01/2007 12:00:00 AM,,8540,1
Texan North Campus,"5117 North Lamar Boulevard
Austin, Texas 78751
(30.31952, -97.730374)",78751,1-Star,Residential/ Retail/ Other,Multifamily,MF-Rating 2010,No,01/01/2011 12:00:00 AM,23,45390,4
Fort Branch  Landing,"5800 Techni Center Drive
Austin, Texas 78731
(30.278428, -97.672047)",78731,1-Star,Residential,Multifamily,Pre 2007 Rating,No,01/01/2002 12:00:00 AM,250,268791,2
Live Oak Trails Apartments,"8500 Texas 71
Austin, Texas 78735
(30.248072, -97.890467)",78735,4-Star,Residential/ Other,Multifamily,MF-Rating 2013,No,01/01/2017 12:00:00 AM,58,60000,3
JW Marriott Austin,"110 East 2nd Street
Austin, Texas 78701
(30.264104, -97.743445)",78701,4-Star,Retail/ Restaurant/ Hotel/ Other,Commercial,Commercial Rating 2010,Yes,01/01/2016 12:00:00 AM,,1005815,33
Camden Cedar Hills,"4100 West Slaughter Lane
Austin, Texas 78749
(30.189496, -97.856838)",78749,2-Star,Residential,Multifamily,Pre 2007 Rating,No,01/01/2009 12:00:00 AM,208,179560,3
AISD Lanier High School,"1201 Payton Gin Road
Austin, Texas 78758
(30.361618, -97.708443)",78758,2-Star,School,Commercial,Commercial Rating 2009,Yes,01/01/2013 12:00:00 AM,,14300,1
The Millennium Rainey Street,"91 Rainey Street
Austin, Texas 78701
(30.260309, -97.738219)",78701,1-Star,Residential/ Retail,Commercial,Commercial Rating 2010,No,01/01/2016 12:00:00 AM,311,387555,8
The Austonian,"200 Congress Avenue
Austin, Texas 78701
(30.264656, -97.744063)",78701,4-Star,Residential/ Retail,Commercial,Commercial Rating 2006,No,01/01/2012 12:00:00 AM,163,648224,56
IBC Bank Plaza,"500 West 5th Street
Austin, Texas 78701
(30.26846, -97.747892)",78701,1-Star,Office/Restaurant,Commercial,Commercial Rating 2010,No,01/01/2015 12:00:00 AM,,239800,13
Hotel Van Zandt,"605 Davis Street
Austin, Texas 78701
(30.260339, -97.739125)",78701,1-Star,Hotel/ Other,Commercial,Commercial Rating 2010,No,01/01/2017 12:00:00 AM,,257252,16
Plaza Lofts,"311 West 5th Street
Austin, Texas 78701
(30.268058, -97.746432)",78701,4-Star,Residential/ Office,Multifamily,Pre 2007 Rating,Yes,01/01/2002 12:00:00 AM,52,103000,11
College Houses - Nueces,"1905 Nueces Street
Austin, Texas 78705
(30.283035, -97.744138)",78705,1-Star,Residential,Commercial,Commercial Rating 2006,No,01/01/2009 12:00:00 AM,178,65536,8
The Girls' School of Austin,"2007 McCall Road
Austin, Texas 78703
(30.292887, -97.763871)",78703,4-Star,School,Commercial,Commercial Rating 2010,Yes,01/01/2014 12:00:00 AM,,12400,2
South Block FLR - II,"405 North Lamar Boulevard
Austin, Texas 78703
(30.269616, -97.75474)",78703,1-Star,Office/ Retail,Commercial,Commercial Rating 2010,No,01/01/2014 12:00:00 AM,,27800,3
LifeWorks Sooch Foundation Youth and Family Resource Center,"835 North Pleasant Valley Road
Austin, Texas 78702
(30.264563, -97.708247)",78702,5-Star,Office/ Other,Commercial,Commercial Rating 2009,Yes,01/01/2013 12:00:00 AM,,31116,3
Sterling,"2704 Rio Grande Street
Austin, Texas 78705
(30.292928, -97.744196)",78705,2-Star,Residential,Multifamily,Pre 2007 Rating,No,01/01/2007 12:00:00 AM,76,111400,4
The Block on Rio,"2819 Rio Grande Street
Austin, Texas 78705
(30.295104, -97.743974)",78705,1-Star,Residential,Commercial,Commercial Rating 2006,No,01/01/2009 12:00:00 AM,97,88000,6
Dental Smiles at Mueller,"1201 Barbara Jordan Boulevard
Austin, Texas 78723
(30.306339, -97.708537)",78723,2-Star,Health Care,Commercial,Commercial Rating 2006,No,01/01/2011 12:00:00 AM,,2500,1
The Block on 23rd,"2222 Pearl Street
Austin, Texas 78705
(30.287021, -97.746338)",78705,1-Star,Residential,Commercial,Commercial Rating 2006,No,01/01/2009 12:00:00 AM,94,90774,6
Kappa Alpha Order House,"2515 Leon Street
Austin, Texas 78705
(30.290511, -97.749138)",78705,3-Star,Residential,Multifamily,Pre 2007 Rating,Yes,01/01/2007 12:00:00 AM,21,14545,2
12th Street Court,"2612 West 12th Street
Austin, Texas 78703
(30.287585, -97.773479)",78703,3-Star,Residential,Multifamily,MF-Rating 2010,Yes,01/01/2014 12:00:00 AM,20,27641,4
in.gredients,"2610 Manor Road
Austin, Texas 78722
(30.285044, -97.714448)",78722,1-Star,Grocery,Commercial,Commercial Rating 2010,Yes,01/01/2015 12:00:00 AM,,1850,2
Cirrus Logic - Phase I,"800 West 6th Street
Austin, Texas 78703
(30.2704, -97.750976)",78703,1-Star,Office/ Restaurant,Commercial,Commercial Rating 2009,No,01/01/2014 12:00:00 AM,,136080,8
Ronald McDonald House Charities,"1315 Barbara Jordan Boulevard
Austin, Texas 78723
(30.305411, -97.706574)",78723,LEED-Platinum,Office,Commercial,LEED BD+C: New Construction v2 - LEED 2.1,No,01/01/2009 12:00:00 AM,,28240,4
Sweeney Circle,"5800 Sweeney Circle
Austin, Texas 78723
(30.305239, -97.679425)",78723,4-Star,Residential,Multifamily,MF-Rating 2009,No,01/01/2012 12:00:00 AM,22,10512,2
Ashton,"101 Colorado Street
Austin, Texas 78701
(30.263975, -97.745769)",78701,3-Star,Residential/ Office,Multifamily,Pre 2007 Rating,No,01/01/2009 12:00:00 AM,258,410900,30
3700 San Clemente,"3700 North Capital of Texas Highway
Austin, Texas 78746
(30.336323, -97.805726)",78746,1-Star,Office,Commercial,Commercial Rating 2010,Yes,01/01/2016 12:00:00 AM,,262550,5
Marshalls at Mueller,"1201 Barbara Jordan Boulevard
Austin, Texas 78723
(30.306339, -97.708537)",78723,3-Star,Retail,Commercial,Commercial Rating 2006,No,01/01/2007 12:00:00 AM,,28750,1
House Pizzeria,"5111 Airport Boulevard
Austin, Texas 78751
(30.312828, -97.71532)",78751,4-Star,Restaurant,Commercial,Commercial Rating 2007,Yes,01/01/2010 12:00:00 AM,,2400,1
3500 Westlake Apartments,"3500 North Capital of Texas Highway
Austin, Texas 78746
(30.331989, -97.80851)",78746,2-Star,Residential,Multifamily,Pre 2007 Rating,No,01/01/2008 12:00:00 AM,175,198243,3
Great Nails at Mueller,"1201 Barbara Jordan Boulevard
Austin, Texas 78723
(30.306339, -97.708537)",78723,3-Star,Retail,Commercial,Commercial Rating 2006,No,01/01/2009 12:00:00 AM,,1200,1
St. Edward's University Alumni Gym (Remodel),"3001 South Congress Avenue
Austin, Texas 78704
(30.231903, -97.758818)",78704,3-Star,Office/ Other,Commercial,Commercial Rating 2010,Yes,01/01/2015 12:00:00 AM,,14395,1
AISD Overton Elementary School ,"7201 Colony Loop Drive
Austin, Texas 78724
(30.302601, -97.637029)",78724,3-Star,School,Commercial,AISD Rating 2006,No,01/01/2007 12:00:00 AM,,80445,1
The Bowie Residences,"311 Bowie Street
Austin, Texas 78702
(30.269406, -97.753343)",78702,3-Star,Residential/ Office/ Retail/ Other,Commercial,Commercial Rating 2010,No,01/01/2015 12:00:00 AM,358,503260,37
Works at Pleasant Valley,"2800 Lyons Road
Austin, Texas 78702
(30.263788, -97.707485)",78702,3-Star,Residential,Multifamily,MF-Rating 2010,No,01/01/2014 12:00:00 AM,45,39570,3
Chair King at Mueller,"1201 Barbara Jordan Boulevard
Austin, Texas 78723
(30.306339, -97.708537)",78723,3-Star,Retail,Commercial,Commercial Rating 2006,No,01/01/2007 12:00:00 AM,,26055,1
AISD Blazier Elementary School,"8601 Vertex Boulevard
Austin, Texas 78744
(30.156278, -97.752948)",78744,2-Star,School,Commercial,AISD Rating 2006,No,01/01/2008 12:00:00 AM,,82000,1
Park Place at Loyola,"6200 Loyola Lane
Austin, Texas 78724
(30.301721, -97.651566)",78724,2-Star,Residential,Multifamily,Pre 2007 Rating,No,01/01/2008 12:00:00 AM,252,250000,3
Amplify Credit Union Esperanza Crossing Branch,"2800 Esperanza Crossing
Austin, Texas 78758
(30.398148, -97.718424)",78758,1-Star,Other,Commercial,Commercial Rating 2013,No,01/01/2017 12:00:00 AM,,8730,1
Hyatt Place Airport,"9532 Spirit of Austin Lane
Austin, Texas 78719
(30.210914, -97.666305)",78719,2-Star,Hotel,Commercial,COMMERCIAL RATING 2013,Yes,01/01/2018 12:00:00 AM,,77815,4
Dell Pediatric Research Institute,"1400 Barbara Jordan Boulevard
Austin, Texas 78723
(30.305064, -97.705511)",78723,LEED-Gold,Other,Commercial,LEED BD+C: New Construction v2 - LEED 2.2,No,01/01/2009 12:00:00 AM,,150000,3
The G,"1715 Guadalupe Street
Austin, Texas 78701
(30.280416, -97.742059)",78701,1-Star,Residential,Commercial,Commercial Rating 2010,No,01/01/2016 12:00:00 AM,79,92050,9
Best Buy at Mueller,"1201 Barbara Jordan Boulevard
Austin, Texas 78723
(30.306339, -97.708537)",78723,3-Star,Retail,Commercial,Commercial Rating 2006,No,01/01/2007 12:00:00 AM,,29400,1
AISD Kealing Middle School Addition,"1607 Pennsylvania Avenue
Austin, Texas 78702
(30.271355, -97.721997)",78702,4-Star,School,Commercial,AISD Rating 2006,No,01/01/2007 12:00:00 AM,,34000,1
Domain Z2/Z3 Block,"11711 Domain Drive
Austin, Texas 78758
(30.403797, -97.723597)",78758,2-Star,Residential/ Office,Multifamily,MF-Rating 2013,No,01/01/2016 12:00:00 AM,251,265545,5
Villas on Guadalupe,"2810 Hemphill Park
Austin, Texas 78705
(30.294003, -97.740965)",78705,2-Star,Residential,Multifamily,Pre 2007 Rating,No,01/01/2004 12:00:00 AM,150,148187,4
AISD Stephen F. Austin High School Additions and Renovations,"1715 West Cesar Chavez Street
Austin, Texas 78703
(30.27417, -97.766201)",78703,3-Star,School,Commercial,Commercial Rating 2009,Yes,01/01/2011 12:00:00 AM,,21350,2
Ballet Austin,"501 West 3rd Street
Austin, Texas 78701
(30.266715, -97.74895)",78701,1-Star,Other,Commercial,Commercial Rating 2006,No,01/01/2012 12:00:00 AM,,26290,2
The Corners,"1339 Lamar Square Drive
Austin, Texas 78704
(30.254875, -97.764408)",78704,3-Star,Residential,Multifamily,Pre 2007 Rating,No,01/01/2005 12:00:00 AM,8,2900,2
Santora Villas,"1805 Frontier Valley Drive
Austin, Texas 78741
(30.223522, -97.696822)",78741,2-Star,Residential,Multifamily,Pre 2007 Rating,No,01/01/2009 12:00:00 AM,192,230000,3
San Pedro Flats,"2708 San Pedro Street
Austin, Texas 78705
(30.293136, -97.745781)",78705,1-Star,Residential,Multifamily,MF Rating - 2007,No,01/01/2013 12:00:00 AM,10,25838,3
Arbor Town Square Building A,"10721 Research Boulevard
Austin, Texas 78759
(30.39891, -97.74562)",78759,1-Star,Retail/ Restaurant,Commercial,Commercial Rating 2010,No,01/01/2017 12:00:00 AM,,9700,1
PromiseLand Church West Multipurpose Building,"8901 TX-71
Austin, Texas 78735
(30.253261, -97.900345)",78735,1-Star,Office/ Worship/ Other,Commercial,Commercial Rating 2010,Yes,01/01/2014 12:00:00 AM,,60015,2
GrandMarc,"510 West 26th Street
Austin, Texas 78705
(30.290548, -97.7426)",78705,1-Star,Residential/ Retail/ Restaurant,Multifamily,MF-Rating 2010,No,01/01/2013 12:00:00 AM,134,140000,5
Sustainable Food Center,"2921 East 17th Street
Austin, Texas 78702
(30.279348, -97.710341)",78702,4-Star,Office/ Other,Commercial,Commercial Rating 2010,Yes,01/01/2014 12:00:00 AM,,7700,2
Quarters at Nueces House,"2300 Nueces Street
Austin, Texas 78705
(30.286678, -97.74376)",78705,3-Star,Residential,Multifamily,Pre 2007 Rating,No,01/01/2008 12:00:00 AM,243,280575,8
AISD Performing Arts Center at Mueller,"1500 Barbara Jordan Boulevard
Austin, Texas 78723
(30.303931, -97.703102)",78723,5-Star; LEED-Gold,Other,Commercial,Commercial Rating 2009,No,01/01/2015 12:00:00 AM,,68365,2
Waller Creekside on 51st,"105 West 51st Street
Austin, Texas 78751
(30.316101, -97.724392)",78751,1-Star,Residential/ Office,Multifamily,MF-Rating 2010,No,01/01/2014 12:00:00 AM,139,151947,4
Firestone Complete Auto Care,"10515 North Mopac Expressway
Austin, Texas 78759
(30.392147, -97.733029)",78759,1-Star,Retail,Commercial,Commercial Rating 2010,No,01/01/2012 12:00:00 AM,,7654,1
H-E-B at Mueller,"1801 East 51st Street
Austin, Texas 78723
(30.302589, -97.697714)",78723,4-Star; LEED-Gold,Grocery,Commercial,Commercial Rating 2010,No,01/01/2015 12:00:00 AM,,83600,1
Whole Foods Market at the Domain,"11920 Domain Drive
Austin, Texas 78758
(30.40557, -97.720877)",78758,4-Star,Grocery,Commercial,Commercial Rating 2009,No,01/01/2014 12:00:00 AM,,67400,1
Chipotle Mexican Grill at Mueller,"1201 Barbara Jordan Boulevard
Austin, Texas 78723
(30.306339, -97.708537)",78723,3-Star,Restaurant,Commercial,Commercial Rating 2006,No,01/01/2009 12:00:00 AM,,2200,1
Rosemont at Hidden Creek,"9345 US-290
Austin, Texas 78724
(30.329032, -97.643187)",78724,2-Star,Residential,Multifamily,Pre 2007 Rating,No,01/01/2006 12:00:00 AM,250,237600,3
26 West,"600 West 26th Street
Austin, Texas 78705
(30.290591, -97.743491)",78705,1-Star,Residential,Commercial,Commercial Rating 2006,No,01/01/2008 12:00:00 AM,366,498984,7
AISD Gus Garcia Young Men's Leadership Academy,"7414 Johnny Morris Road
Austin, Texas 78724
(30.310965, -97.640531)",78724,3-Star,School,Commercial,AISD Rating 2006,No,01/01/2008 12:00:00 AM,,160000,2
AISD Guerrero Thompson Elementary School,"102 East Rundberg Lane
Austin, Texas 78753
(30.360804, -97.693238)",78753,4-Star; LEED-Silver,School,Commercial,Commercial Rating 2009,Yes,01/01/2014 12:00:00 AM,,98775,2
The Vintage Pearl,"904 West 22 1/2 Street
Austin, Texas 78705
(30.286299, -97.747136)",78705,1-Star,Residential,Multifamily,MF-Rating Mixed Use 2008,No,01/01/2009 12:00:00 AM,62,116870,5
East 20th Apartments,"1803 East 20th Street
Austin, Texas 78722
(30.280695, -97.722019)",78722,3-Star,Residential,Multifamily,Pre 2007 Rating,Yes,01/01/2003 12:00:00 AM,8,3200,1
Broadstone at the Lake,"422 West Riverside Drive
Austin, Texas 78704
(30.259321, -97.749013)",78704,2-Star,Residential/ Retail,Multifamily,MF-Rating 2010,No,01/01/2017 12:00:00 AM,207,360124,6
Fashionique at Mueller,"1201 Barbara Jordan Boulevard
Austin, Texas 78723
(30.306339, -97.708537)",78723,3-Star,Retail,Commercial,Commercial Rating 2006,No,01/01/2009 12:00:00 AM,,1390,1
Rosemont at Oak Valley,"2800 Collins Creek Drive
Austin, Texas 78741
(30.224892, -97.730598)",78741,2-Star,Residential,Multifamily,Pre 2007 Rating,Yes,01/01/2004 12:00:00 AM,120,308112,3
PetSmart  at Mueller,"1201 Barbara Jordan Boulevard
Austin, Texas 78723
(30.306339, -97.708537)",78723,3-Star,Retail,Commercial,Commercial Rating 2006,No,01/01/2008 12:00:00 AM,,20463,1
AISD Webb Middle School Fine Arts Addition,"601 Saint John's Avenue
Austin, Texas 78752
(30.337939, -97.714694)",78752,2-Star,School,Commercial,AISD Rating 2007,No,01/01/2010 12:00:00 AM,,10989,1
Big Brothers Big Sisters,"4800 Manor Road
Austin, Texas 78723
(30.295656, -97.688575)",78723,3-Star,Office,Commercial,Commercial Rating 2010,No,01/01/2018 12:00:00 AM,,21000,2
Domain U1/U2 Block,"3100 Esperanza Crossing
Austin, Texas 78758
(30.399366, -97.722433)",78758,2-Star,Residential/ Other,Multifamily,MF-Rating 2010,No,01/01/2015 12:00:00 AM,212,234968,4
John Gaines Park and Amenities Center,"2708 Sorin Street
Austin, Texas 78723
(30.292873, -97.696293)",78723,4-Star,Other,Commercial,Commercial Rating 2013,No,01/01/2017 12:00:00 AM,,3675,1
AMLI Covered Bridge Phase II,"6804 Covered Bridge Drive
Austin, Texas 78736
(30.24755, -97.896047)",78736,2-Star,Residential,Multifamily,MF-Rating 2013,No,01/01/2017 12:00:00 AM,130,138004,3
Hyatt Place Austin Downtown,"211 East 3rd Street
Austin, Texas 78701
(30.264698, -97.741802)",78701,1-Star,Hotel,Commercial,Commercial Rating 2010,No,01/01/2013 12:00:00 AM,,245000,17
Texas PTA,"408 West 11th Street
Austin, Texas 78701
(30.273848, -97.745092)",78701,1-Star,Office/ Restaurant/ Other,Commercial,Commercial Rating 2010,No,01/01/2017 12:00:00 AM,,20185,5
Gables Park Tower,"115 Sandra Muraida Way
Austin, Texas 78703
(30.2676, -97.75561)",78703,4-Star,Residential/ Retail,Commercial,Commercial Rating 2010,No,01/01/2017 12:00:00 AM,222,325350,18
Midtown Commons at Crestview Station,"810 West Saint Johns Avenue
Austin, Texas 78756
(30.33978, -97.718666)",78756,3-Star,Residential,Multifamily,Pre 2007 Rating,Yes,01/01/2010 12:00:00 AM,335,515978,3
Anderson House,"103 East 30th Street
Austin, Texas 78759
(30.293729, -97.736744)",78759,2-Star,Residential,Multifamily,Commercial Rating 2006,Yes,01/01/2010 12:00:00 AM,24,33500,4
St. David's Parking Garage and Medical Office Bldg,"919 East 32nd Street
Austin, Texas 78705
(30.290447, -97.72587)",78705,1-Star,Health Care,Commercial,Commercial Rating 2008,No,01/01/2011 12:00:00 AM,,81890,8
SEDL at Mueller,"4700 Mueller Boulevard
Austin, Texas 78723
(30.300685, -97.706135)",78723,LEED-Silver,Office,Commercial,LEED BD+C: New Construction v2 - LEED 2.1,No,01/01/2009 12:00:00 AM,,51625,2
Gables Park Plaza,"115 Sandra Muraida Way
Austin, Texas 78703
(30.2676, -97.75561)",78703,1-Star,Residential,Commercial,Commercial Rating 2007,No,01/01/2010 12:00:00 AM,294,307578,8
2608 Salado Apartments,"2608 Salado Street
Austin, Texas 78705
(30.291607, -97.745305)",78705,1-Star,Residential,Multifamily,MF-Rating 2009,No,01/01/2011 12:00:00 AM,7,22038,4
Dell Children's Medical Center Third Bed Tower at Mueller,"4900 Mueller Boulevard
Austin, Texas 78723
(30.302549, -97.704957)",78723,5-Star; LEED-Platinum,Health Care,Commercial,Commercial Rating 2010,No,01/01/2013 12:00:00 AM,,82200,3
